Loan_ID,Gender,Married,Dependents,Education,Self_Employed,ApplicantIncome,CoapplicantIncome,LoanAmount,Loan_Amount_Term,Credit_History,Property_Area,Loan_Status
LP1000,Male,No,0,Graduate,No,11298,0,273.0,360.0,0.0,Semiurban,N
LP1001,Female,Yes,0,Graduate,No,7951,1980,259.0,360.0,1.0,Urban,Y
LP1002,Female,Yes,0,Graduate,No,5992,113,229.0,120.0,1.0,Semiurban,Y
LP1003,Male,Yes,0,Graduate,No,5485,1066,180.0,360.0,1.0,Rural,N
LP1004,Male,Yes,0,Graduate,No,6148,3161,270.0,360.0,0.0,Rural,N
LP1005,Male,No,0,Graduate,No,7519,0,392.0,360.0,1.0,Semiurban,Y
LP1006,Male,No,0,Graduate,No,4988,0,198.0,360.0,1.0,Semiurban,Y
LP1007,Female,No,2,Graduate,No,8829,0,162.0,120.0,0.0,Rural,N
LP1008,,,,Not Graduate,,4883,1088,,,,Urban,Y
LP1009,Female,Yes,0,Graduate,No,5367,1007,170.0,360.0,1.0,Rural,Y
LP1010,Male,No,2,Graduate,No,10027,0,145.0,360.0,0.0,Semiurban,Y
LP1011,Female,No,1,Graduate,No,8545,0,217.0,360.0,1.0,Rural,Y
LP1012,Female,Yes,0,Graduate,No,4698,3445,133.0,360.0,0.0,Rural,N
LP1013,Male,No,0,Graduate,No,6285,0,196.0,360.0,1.0,Urban,Y
LP1014,Male,No,0,Graduate,No,4535,0,94.0,360.0,0.0,Rural,N
LP1015,Male,Yes,1,Not Graduate,Yes,9750,1038,290.0,360.0,1.0,Rural,Y
LP1016,Male,Yes,3+,Graduate,No,9748,1316,121.0,360.0,0.0,Rural,N
LP1017,Male,Yes,1,Graduate,Yes,13307,1227,99.0,360.0,1.0,Semiurban,Y
LP1018,Male,Yes,1,Graduate,No,15341,610,256.0,360.0,1.0,Semiurban,Y
LP1019,Male,Yes,1,Graduate,No,5646,2299,275.0,360.0,1.0,Urban,N
LP1020,Male,No,0,Graduate,No,9158,0,179.0,360.0,1.0,Rural,Y
LP1021,Male,Yes,0,Graduate,No,3499,710,154.0,360.0,1.0,Semiurban,Y
LP1022,Male,Yes,1,Graduate,Yes,7593,289,141.0,360.0,1.0,Urban,Y
LP1023,Male,Yes,3+,Graduate,Yes,8276,850,175.0,360.0,1.0,Rural,Y
LP1024,Male,Yes,0,Graduate,No,4976,747,157.0,360.0,1.0,Urban,Y
LP1025,Female,No,1,Not Graduate,No,5521,0,150.0,360.0,1.0,Urban,Y
LP1026,Male,Yes,0,Graduate,No,9773,1113,117.0,120.0,0.0,Urban,Y
LP1027,Male,Yes,0,Not Graduate,No,8353,3343,106.0,360.0,1.0,Urban,Y
LP1028,Male,No,0,Graduate,Yes,12629,0,165.0,360.0,1.0,Urban,Y
LP1029,Male,Yes,0,Not Graduate,No,12049,1297,173.0,360.0,1.0,Urban,Y
LP1030,Male,Yes,2,Graduate,No,3809,1092,123.0,180.0,1.0,Urban,Y
LP1031,Male,Yes,0,Not Graduate,No,5847,2090,129.0,360.0,1.0,Rural,Y
LP1032,Male,Yes,1,Not Graduate,No,4795,2199,173.0,60.0,1.0,Rural,N
LP1033,Female,Yes,2,Graduate,Yes,9302,5026,116.0,120.0,0.0,Urban,Y
LP1034,Female,Yes,3+,Not Graduate,No,7868,1603,233.0,360.0,1.0,Rural,Y
LP1035,Female,Yes,0,Graduate,No,4909,664,193.0,120.0,1.0,Urban,Y
LP1036,Male,No,0,Graduate,No,5179,0,123.0,360.0,1.0,Rural,Y
LP1037,Male,Yes,0,Graduate,No,11004,903,189.0,180.0,1.0,Semiurban,Y
LP1038,Male,Yes,3+,Graduate,No,6085,774,117.0,360.0,1.0,Urban,Y
LP1039,Male,Yes,3+,Graduate,No,3319,3898,214.0,360.0,1.0,Semiurban,Y
LP1040,Male,Yes,0,Graduate,No,4757,2126,118.0,360.0,1.0,Urban,Y
LP1041,Male,No,2,Graduate,No,13660,0,153.0,180.0,1.0,Urban,Y
LP1042,Male,Yes,0,Graduate,No,10138,513,168.0,360.0,1.0,Semiurban,Y
LP1043,Female,No,1,Not Graduate,No,4436,0,273.0,360.0,0.0,Semiurban,N
LP1044,Male,Yes,0,Graduate,No,7592,2832,121.0,360.0,1.0,Semiurban,Y
LP1045,Male,Yes,2,Graduate,No,9900,1108,119.0,360.0,1.0,Urban,Y
LP1046,Male,Yes,0,Graduate,No,3792,822,95.0,360.0,1.0,Semiurban,Y
LP1047,Male,No,2,Graduate,No,10317,0,306.0,360.0,1.0,Semiurban,Y
LP1048,Male,Yes,2,Graduate,No,8323,733,162.0,360.0,0.0,Rural,N
LP1049,Male,Yes,1,Graduate,No,5406,668,235.0,360.0,1.0,Rural,Y
LP1050,Female,Yes,0,Graduate,No,8813,573,130.0,360.0,1.0,Semiurban,Y
LP1051,Female,No,0,Not Graduate,Yes,7909,0,134.0,360.0,0.0,Semiurban,N
LP1052,Female,Yes,0,Graduate,No,8108,1600,157.0,360.0,1.0,Semiurban,Y
LP1053,Female,No,0,Graduate,Yes,7492,0,159.0,120.0,1.0,Semiurban,Y
LP1054,Male,Yes,0,Graduate,No,5112,1954,204.0,360.0,1.0,Rural,Y
LP1055,Female,Yes,3+,Graduate,Yes,5449,1932,163.0,120.0,1.0,Urban,Y
LP1056,Male,Yes,1,Graduate,No,6505,3126,139.0,360.0,1.0,Semiurban,Y
LP1057,Male,Yes,0,Graduate,No,7220,548,308.0,360.0,1.0,Semiurban,Y
LP1058,Male,Yes,0,Graduate,No,9008,328,116.0,360.0,1.0,Rural,Y
LP1059,Male,Yes,0,Graduate,No,13790,2022,121.0,180.0,1.0,Semiurban,Y
LP1060,Male,No,1,Not Graduate,No,7721,0,117.0,360.0,1.0,Semiurban,Y
LP1061,Male,Yes,0,Not Graduate,No,8948,2583,207.0,360.0,1.0,Rural,Y
LP1062,Female,Yes,3+,Graduate,No,9709,1293,187.0,360.0,1.0,Semiurban,Y
LP1063,Male,Yes,0,Graduate,Yes,9185,798,151.0,360.0,1.0,Semiurban,Y
LP1064,Male,Yes,3+,Graduate,No,5044,2043,115.0,180.0,0.0,Rural,N
LP1065,Male,Yes,2,Graduate,Yes,11399,1419,168.0,360.0,0.0,Urban,N
LP1066,Male,Yes,0,Graduate,No,10714,1294,218.0,360.0,0.0,Semiurban,N
LP1067,Female,Yes,3+,Graduate,No,7455,5633,277.0,360.0,0.0,Semiurban,N
LP1068,Male,No,0,Graduate,No,5150,0,128.0,360.0,1.0,Urban,Y
LP1069,Female,No,2,Graduate,No,7178,0,150.0,360.0,1.0,Rural,Y
LP1070,Female,Yes,0,Graduate,No,3949,1452,187.0,360.0,1.0,Urban,Y
LP1071,Male,Yes,2,Not Graduate,Yes,11971,1360,139.0,180.0,1.0,Semiurban,Y
LP1072,Male,Yes,2,Not Graduate,No,5625,1043,100.0,360.0,1.0,Urban,Y
LP1073,Female,Yes,2,Graduate,No,6386,1562,151.0,180.0,1.0,Rural,Y
LP1074,Female,Yes,2,Graduate,No,11640,889,104.0,360.0,1.0,Semiurban,Y
LP1075,Female,Yes,0,Not Graduate,No,11105,443,225.0,360.0,0.0,Rural,N
LP1076,Female,No,0,Graduate,No,8022,0,143.0,360.0,1.0,Rural,Y
LP1077,Male,No,0,Graduate,No,12666,0,156.0,360.0,1.0,Urban,Y
LP1078,Male,Yes,0,Graduate,No,4989,2587,122.0,360.0,0.0,Urban,N
LP1079,Male,Yes,1,Graduate,No,8024,671,158.0,360.0,1.0,Rural,Y
LP1080,Female,Yes,0,Graduate,No,5003,1368,251.0,360.0,1.0,Rural,Y
LP1081,Male,No,3+,Not Graduate,No,10465,0,234.0,360.0,1.0,Semiurban,Y
LP1082,Male,Yes,1,Not Graduate,No,10326,1913,109.0,360.0,1.0,Rural,Y
LP1083,Male,Yes,2,Graduate,No,13018,3771,66.0,360.0,1.0,Rural,Y
LP1084,,,,Graduate,,7099,0,,,,Urban,Y
LP1085,Male,Yes,2,Not Graduate,Yes,14435,622,143.0,360.0,1.0,Rural,Y
LP1086,Female,No,3+,Graduate,No,4859,0,140.0,360.0,1.0,Rural,Y
LP1087,Male,Yes,0,Not Graduate,No,6961,1104,131.0,360.0,0.0,Urban,N
LP1088,Female,Yes,1,Graduate,No,4920,955,108.0,120.0,0.0,Semiurban,N
LP1089,Male,Yes,2,Graduate,No,7623,853,351.0,180.0,1.0,Urban,Y
LP1090,Male,No,0,Graduate,Yes,5068,0,305.0,360.0,1.0,Urban,Y
LP1091,Female,No,0,Graduate,No,10476,0,138.0,360.0,0.0,Rural,Y
LP1092,Female,No,0,Graduate,No,8424,0,167.0,360.0,0.0,Rural,N
LP1093,Male,Yes,0,Graduate,No,4719,2154,226.0,180.0,0.0,Semiurban,N
LP1094,Female,No,0,Graduate,No,9554,0,167.0,360.0,0.0,Rural,N
LP1095,Male,Yes,0,Graduate,Yes,12315,547,134.0,360.0,1.0,Semiurban,Y
LP1096,Male,Yes,0,Graduate,No,8723,1608,100.0,360.0,1.0,Semiurban,Y
LP1097,Male,No,0,Not Graduate,Yes,4253,0,160.0,360.0,1.0,Semiurban,Y
LP1098,Male,Yes,3+,Not Graduate,No,6722,2337,104.0,360.0,1.0,Semiurban,Y
LP1099,Male,Yes,0,Graduate,No,9137,2117,244.0,360.0,1.0,Rural,Y
LP1100,Male,Yes,3+,Not Graduate,No,6494,1353,158.0,360.0,1.0,Urban,Y
LP1101,Male,Yes,0,Graduate,No,4838,1308,192.0,360.0,1.0,Urban,Y
LP1102,Male,Yes,0,Graduate,No,10931,3000,142.0,360.0,1.0,Rural,Y
LP1103,Male,Yes,0,Not Graduate,No,6394,1642,214.0,360.0,1.0,Rural,Y
LP1104,Female,Yes,0,Graduate,No,12318,1657,127.0,360.0,1.0,Semiurban,Y
LP1105,Male,No,0,Graduate,No,5858,0,177.0,180.0,1.0,Rural,N
LP1106,Male,No,1,Not Graduate,No,6261,0,140.0,360.0,1.0,Urban,Y
LP1107,Female,Yes,0,Graduate,Yes,5697,130,147.0,360.0,1.0,Rural,Y
LP1108,Male,Yes,1,Not Graduate,No,6681,1165,225.0,360.0,0.0,Rural,N
LP1109,Male,Yes,1,Not Graduate,No,8373,1218,122.0,180.0,1.0,Semiurban,Y
LP1110,Male,Yes,0,Graduate,No,4924,1625,182.0,180.0,1.0,Semiurban,Y
LP1111,,,,Not Graduate,,4610,1901,,,,Semiurban,Y
LP1112,Female,Yes,2,Graduate,No,3765,163,222.0,360.0,1.0,Semiurban,Y
LP1113,Female,Yes,0,Graduate,Yes,3618,1928,128.0,360.0,1.0,Urban,Y
LP1114,Male,Yes,0,Graduate,No,4269,1274,191.0,360.0,1.0,Rural,Y
LP1115,Female,Yes,3+,Not Graduate,No,5844,1079,88.0,360.0,1.0,Rural,Y
LP1116,Female,Yes,0,Graduate,No,7573,270,228.0,120.0,1.0,Semiurban,Y
LP1117,Male,No,1,Graduate,Yes,8203,0,391.0,360.0,1.0,Urban,Y
LP1118,Female,No,3+,Graduate,No,7446,0,178.0,60.0,0.0,Urban,N
LP1119,Male,Yes,0,Graduate,No,11766,2136,260.0,180.0,1.0,Rural,Y
LP1120,Female,No,0,Graduate,No,13212,0,99.0,360.0,1.0,Semiurban,Y
LP1121,Female,Yes,0,Graduate,Yes,6405,1676,111.0,120.0,1.0,Rural,Y
LP1122,Male,No,0,Graduate,No,4953,0,142.0,360.0,1.0,Rural,Y
LP1123,Male,No,0,Graduate,No,14796,0,151.0,360.0,1.0,Urban,Y
LP1124,Male,Yes,1,Not Graduate,No,10787,1064,178.0,360.0,1.0,Urban,Y
LP1125,Male,Yes,0,Graduate,No,10483,636,128.0,360.0,1.0,Rural,Y
LP1126,Female,Yes,0,Graduate,No,5761,1318,168.0,360.0,1.0,Semiurban,Y
LP1127,Female,Yes,3+,Not Graduate,No,9643,1269,225.0,360.0,1.0,Semiurban,Y
LP1128,Male,Yes,2,Graduate,Yes,7468,1598,190.0,360.0,1.0,Rural,Y
LP1129,Male,Yes,1,Not Graduate,No,6910,2532,140.0,360.0,1.0,Rural,Y
LP1130,Male,Yes,0,Graduate,No,6906,515,208.0,360.0,1.0,Semiurban,Y
LP1131,Male,No,1,Not Graduate,No,8515,0,138.0,180.0,1.0,Semiurban,Y
LP1132,Male,No,0,Graduate,No,11915,0,164.0,360.0,1.0,Semiurban,Y
LP1133,Male,Yes,0,Graduate,No,15293,2037,221.0,360.0,1.0,Rural,Y
LP1134,Female,Yes,0,Graduate,No,6115,2081,149.0,360.0,1.0,Urban,Y
LP1135,,,,Not Graduate,,7622,905,,,,Semiurban,Y
LP1136,Male,Yes,0,Graduate,No,6847,693,163.0,360.0,1.0,Semiurban,Y
LP1137,Female,No,0,Graduate,No,8307,0,221.0,360.0,1.0,Semiurban,Y
LP1138,Male,Yes,0,Graduate,No,6542,1413,229.0,360.0,0.0,Rural,N
LP1139,Female,Yes,0,Graduate,No,14258,2174,110.0,360.0,1.0,Urban,Y
LP1140,Female,Yes,2,Graduate,No,5526,1192,205.0,120.0,1.0,Urban,Y
LP1141,Male,Yes,1,Graduate,No,6118,111,146.0,360.0,1.0,Semiurban,Y
LP1142,Male,No,2,Not Graduate,No,5791,0,267.0,360.0,1.0,Rural,N
LP1143,Male,No,0,Graduate,No,6727,0,104.0,360.0,1.0,Urban,Y
LP1144,Male,Yes,0,Graduate,No,4373,1892,203.0,360.0,1.0,Rural,Y
LP1145,Male,Yes,0,Graduate,No,5830,1960,141.0,360.0,1.0,Urban,Y
LP1146,Male,Yes,0,Graduate,No,8278,1493,129.0,360.0,0.0,Semiurban,N
LP1147,Male,No,0,Graduate,No,8255,0,224.0,360.0,0.0,Rural,N
LP1148,Male,No,2,Graduate,No,7780,0,238.0,360.0,1.0,Semiurban,Y
LP1149,Male,Yes,0,Graduate,No,11510,899,81.0,360.0,1.0,Urban,Y
LP1150,Female,Yes,0,Graduate,No,8398,649,226.0,180.0,1.0,Urban,Y
LP1151,Male,No,0,Graduate,No,11364,0,156.0,360.0,1.0,Semiurban,Y
LP1152,Male,Yes,0,Not Graduate,No,15297,1490,161.0,360.0,1.0,Urban,Y
LP1153,Male,No,0,Not Graduate,No,9735,0,103.0,360.0,0.0,Semiurban,N
LP1154,Female,Yes,3+,Graduate,No,4380,7704,198.0,360.0,1.0,Semiurban,Y
LP1155,Male,Yes,2,Not Graduate,Yes,7893,3289,354.0,360.0,0.0,Semiurban,N
LP1156,Male,Yes,3+,Graduate,No,7473,798,132.0,360.0,1.0,Urban,Y
LP1157,Female,Yes,0,Graduate,No,12310,536,247.0,360.0,0.0,Rural,N
LP1158,Male,Yes,0,Graduate,No,6815,746,159.0,360.0,1.0,Semiurban,Y
LP1159,Female,No,0,Graduate,No,5261,0,134.0,360.0,1.0,Rural,Y
LP1160,Male,Yes,0,Graduate,No,5950,2645,97.0,120.0,1.0,Urban,Y
LP1161,Male,Yes,2,Graduate,No,4435,3315,260.0,360.0,1.0,Urban,Y
LP1162,Male,Yes,0,Graduate,No,2421,632,166.0,360.0,1.0,Rural,Y
LP1163,Male,Yes,0,Graduate,No,14285,1887,136.0,180.0,1.0,Semiurban,Y
LP1164,Male,Yes,0,Graduate,No,7148,684,144.0,360.0,1.0,Urban,Y
LP1165,Female,Yes,0,Graduate,No,4578,3782,204.0,360.0,1.0,Semiurban,Y
LP1166,Male,No,1,Graduate,No,12746,0,136.0,360.0,0.0,Semiurban,Y
LP1167,Male,Yes,0,Graduate,No,13598,428,114.0,360.0,0.0,Rural,N
LP1168,Male,Yes,0,Not Graduate,No,7566,508,153.0,360.0,1.0,Urban,Y
LP1169,Male,Yes,0,Not Graduate,No,4300,1323,151.0,360.0,1.0,Rural,N
LP1170,Male,No,0,Graduate,No,6002,0,150.0,360.0,1.0,Urban,Y
LP1171,Male,No,2,Not Graduate,No,6552,0,136.0,360.0,1.0,Rural,N
LP1172,Male,No,2,Graduate,No,7236,0,250.0,360.0,1.0,Urban,Y
LP1173,Male,Yes,3+,Graduate,No,4776,983,409.0,180.0,1.0,Urban,Y
LP1174,Male,Yes,2,Graduate,No,10036,883,110.0,360.0,1.0,Urban,Y
LP1175,,,,Graduate,,3222,461,,,,Semiurban,N
LP1176,Male,Yes,1,Not Graduate,No,10654,866,147.0,360.0,1.0,Semiurban,Y
LP1177,Male,Yes,0,Graduate,No,11517,3223,80.0,360.0,1.0,Rural,Y
LP1178,Female,Yes,0,Graduate,Yes,6214,403,94.0,360.0,1.0,Rural,Y
LP1179,Male,Yes,2,Graduate,No,6935,1563,133.0,360.0,1.0,Urban,Y
LP1180,Male,Yes,0,Graduate,No,12077,3272,204.0,120.0,1.0,Urban,Y
LP1181,Male,No,3+,Not Graduate,No,9006,0,146.0,360.0,1.0,Semiurban,Y
LP1182,Female,Yes,0,Graduate,Yes,6294,3895,73.0,360.0,1.0,Semiurban,Y
LP1183,Female,Yes,1,Graduate,No,6564,1674,145.0,360.0,1.0,Semiurban,Y
LP1184,Male,No,1,Graduate,Yes,8533,0,149.0,360.0,1.0,Rural,Y
LP1185,Male,Yes,2,Graduate,No,13763,879,150.0,360.0,1.0,Semiurban,Y
LP1186,Female,No,1,Graduate,No,6638,0,235.0,360.0,1.0,Rural,Y
LP1187,Male,Yes,1,Graduate,No,6225,1190,220.0,180.0,1.0,Semiurban,Y
LP1188,Male,Yes,0,Graduate,Yes,7218,2816,164.0,360.0,1.0,Semiurban,Y
LP1189,Male,No,0,Graduate,No,7233,0,325.0,360.0,1.0,Urban,N
LP1190,Male,No,0,Not Graduate,No,7979,0,132.0,360.0,1.0,Rural,Y
LP1191,Female,No,1,Not Graduate,No,6943,0,152.0,360.0,0.0,Semiurban,N
LP1192,Female,Yes,0,Graduate,No,10898,1336,158.0,360.0,1.0,Urban,Y
LP1193,Male,Yes,1,Graduate,No,5120,3049,96.0,180.0,1.0,Rural,Y
LP1194,Male,Yes,0,Graduate,No,8304,2627,159.0,60.0,1.0,Rural,Y
LP1195,Male,Yes,0,Graduate,No,8425,347,91.0,360.0,1.0,Semiurban,Y
LP1196,Female,No,1,Graduate,No,5280,0,126.0,360.0,1.0,Rural,Y
LP1197,Female,Yes,0,Graduate,No,8273,713,166.0,180.0,1.0,Urban,Y
LP1198,Female,No,0,Graduate,No,8506,0,101.0,360.0,1.0,Urban,Y
LP1199,Female,Yes,0,Graduate,No,2804,375,180.0,360.0,1.0,Rural,Y
LP1200,Male,Yes,3+,Graduate,Yes,4951,1597,119.0,360.0,1.0,Urban,Y
LP1201,Male,Yes,1,Graduate,Yes,12473,3091,140.0,360.0,1.0,Rural,Y
LP1202,Male,No,0,Graduate,No,5723,0,191.0,360.0,1.0,Urban,Y
LP1203,Female,No,0,Graduate,No,4574,0,155.0,180.0,1.0,Rural,Y
LP1204,Male,No,0,Graduate,No,3567,0,178.0,180.0,1.0,Rural,Y
LP1205,Male,No,2,Graduate,No,4792,0,187.0,360.0,1.0,Rural,N
LP1206,Male,No,1,Graduate,No,6836,0,154.0,360.0,1.0,Urban,Y
LP1207,Male,No,0,Graduate,No,4462,0,182.0,180.0,1.0,Rural,N
LP1208,Male,Yes,0,Graduate,No,9050,764,125.0,360.0,1.0,Rural,Y
LP1209,Male,Yes,0,Graduate,Yes,5246,1104,190.0,360.0,1.0,Semiurban,Y
LP1210,Male,Yes,1,Not Graduate,No,8002,1051,147.0,360.0,1.0,Semiurban,Y
LP1211,Male,No,2,Graduate,Yes,11766,0,253.0,360.0,1.0,Rural,Y
LP1212,Male,No,0,Graduate,Yes,11479,0,168.0,360.0,1.0,Semiurban,Y
LP1213,Male,Yes,0,Graduate,No,7951,130,131.0,360.0,1.0,Rural,Y
LP1214,Female,No,0,Graduate,No,4684,0,191.0,360.0,1.0,Semiurban,Y
LP1215,Male,No,3+,Graduate,No,7007,0,257.0,180.0,1.0,Urban,Y
LP1216,Male,Yes,0,Graduate,No,8047,439,135.0,360.0,1.0,Urban,Y
LP1217,Female,Yes,2,Graduate,No,16459,2475,127.0,360.0,1.0,Rural,Y
LP1218,Male,No,1,Not Graduate,No,3556,0,67.0,360.0,1.0,Rural,Y
LP1219,Female,Yes,0,Graduate,Yes,7016,3836,167.0,360.0,1.0,Urban,Y
LP1220,Male,No,0,Graduate,No,8930,0,142.0,360.0,1.0,Urban,Y
LP1221,Male,Yes,0,Not Graduate,No,7425,5643,191.0,360.0,1.0,Semiurban,Y
LP1222,Male,No,1,Graduate,No,7725,0,193.0,360.0,1.0,Rural,Y
LP1223,Male,No,2,Not Graduate,Yes,5358,0,98.0,360.0,1.0,Urban,Y
LP1224,,,,Graduate,,9969,0,,,,Urban,Y
LP1225,Male,Yes,0,Not Graduate,No,7234,941,121.0,360.0,1.0,Rural,Y
LP1226,Female,No,0,Graduate,No,7715,0,135.0,360.0,0.0,Semiurban,N
LP1227,Male,No,3+,Graduate,No,10372,0,74.0,360.0,1.0,Semiurban,Y
LP1228,Female,Yes,2,Graduate,No,6363,402,180.0,360.0,1.0,Semiurban,Y
LP1229,Male,No,0,Graduate,No,11236,0,108.0,60.0,1.0,Semiurban,Y
LP1230,Female,Yes,3+,Graduate,No,4410,1192,128.0,180.0,1.0,Urban,Y
LP1231,Male,Yes,1,Graduate,No,7877,3759,105.0,360.0,1.0,Rural,Y
LP1232,Male,Yes,1,Graduate,No,5241,2243,227.0,360.0,0.0,Rural,N
LP1233,Male,Yes,1,Graduate,No,4765,1414,139.0,360.0,1.0,Urban,Y
LP1234,Male,Yes,2,Graduate,No,13698,871,102.0,360.0,1.0,Urban,Y
LP1235,Female,No,1,Graduate,No,4490,0,104.0,360.0,1.0,Urban,Y
LP1236,Male,Yes,0,Not Graduate,No,7286,1274,213.0,360.0,0.0,Rural,N
LP1237,Male,No,0,Graduate,No,4371,0,118.0,180.0,1.0,Rural,Y
LP1238,Male,Yes,3+,Not Graduate,No,10967,5338,134.0,360.0,1.0,Rural,Y
LP1239,Male,Yes,0,Graduate,No,6134,421,162.0,360.0,1.0,Semiurban,Y
LP1240,Female,Yes,0,Graduate,No,10351,3155,142.0,360.0,1.0,Urban,Y
LP1241,Female,No,0,Graduate,No,8816,0,84.0,360.0,1.0,Urban,Y
LP1242,,,,Graduate,,15445,2239,,,,Urban,Y
LP1243,Male,Yes,1,Graduate,No,4073,1970,146.0,360.0,1.0,Rural,Y
LP1244,Male,No,3+,Graduate,No,4936,0,177.0,360.0,1.0,Urban,Y
LP1245,Female,Yes,0,Graduate,No,10137,5650,204.0,360.0,1.0,Urban,Y
LP1246,Male,Yes,0,Not Graduate,No,8017,5102,79.0,180.0,1.0,Semiurban,Y
LP1247,Female,Yes,0,Graduate,No,6530,742,205.0,360.0,1.0,Rural,Y
LP1248,Female,No,2,Graduate,No,14271,0,374.0,360.0,0.0,Urban,N
LP1249,Female,Yes,1,Graduate,Yes,7101,238,184.0,360.0,1.0,Rural,N
LP1250,Male,No,0,Graduate,No,5311,0,254.0,180.0,0.0,Rural,N
LP1251,Male,Yes,2,Graduate,No,10399,2773,224.0,360.0,0.0,Rural,N
LP1252,Female,No,2,Graduate,No,7188,0,202.0,360.0,1.0,Semiurban,Y
LP1253,Male,No,2,Graduate,No,7393,0,227.0,120.0,1.0,Rural,Y
LP1254,Male,No,3+,Graduate,No,9094,0,242.0,360.0,1.0,Rural,Y
LP1255,,,,Graduate,,9228,1729,,,,Rural,Y
LP1256,Female,No,2,Not Graduate,No,4913,0,104.0,360.0,1.0,Urban,Y
LP1257,Male,Yes,0,Not Graduate,No,6395,478,233.0,180.0,1.0,Semiurban,Y
LP1258,Male,Yes,2,Graduate,No,4241,1195,145.0,360.0,1.0,Urban,Y
LP1259,Male,Yes,1,Graduate,No,8061,941,250.0,360.0,1.0,Semiurban,Y
LP1260,Male,No,2,Graduate,No,13600,0,190.0,360.0,1.0,Semiurban,Y
LP1261,Female,No,1,Not Graduate,No,4984,0,103.0,60.0,0.0,Rural,N
LP1262,Male,No,0,Graduate,No,3977,0,263.0,360.0,1.0,Rural,Y
LP1263,Male,Yes,0,Graduate,No,5614,3778,121.0,360.0,0.0,Urban,N
LP1264,Female,Yes,3+,Graduate,No,6510,448,143.0,120.0,1.0,Semiurban,Y
LP1265,Female,No,3+,Graduate,No,9259,0,288.0,360.0,0.0,Rural,N
LP1266,Male,Yes,0,Graduate,No,6266,2067,168.0,60.0,1.0,Rural,Y
LP1267,Female,Yes,0,Graduate,No,8115,285,141.0,120.0,1.0,Rural,Y
LP1268,Male,Yes,0,Graduate,No,5908,1376,155.0,180.0,1.0,Rural,Y
LP1269,Male,Yes,1,Graduate,No,6639,2716,140.0,360.0,1.0,Urban,Y
LP1270,Female,Yes,2,Graduate,Yes,5249,547,213.0,360.0,0.0,Urban,N
LP1271,Female,Yes,0,Graduate,No,4680,1478,141.0,180.0,1.0,Rural,Y
LP1272,Female,Yes,0,Graduate,No,9384,2584,157.0,60.0,0.0,Rural,N
LP1273,Female,Yes,2,Graduate,No,6055,5463,196.0,360.0,1.0,Rural,Y
LP1274,Male,No,1,Not Graduate,No,8333,0,188.0,180.0,1.0,Rural,N
LP1275,Male,Yes,0,Graduate,No,5220,723,125.0,360.0,1.0,Rural,Y
LP1276,Female,Yes,1,Graduate,No,7118,729,214.0,360.0,1.0,Semiurban,Y
LP1277,Male,No,0,Graduate,No,3245,0,132.0,360.0,1.0,Semiurban,Y
LP1278,Female,Yes,0,Graduate,No,6217,3981,111.0,180.0,0.0,Semiurban,N
LP1279,Female,No,1,Graduate,No,5416,0,86.0,360.0,0.0,Semiurban,N
LP1280,Female,No,1,Graduate,No,10795,0,150.0,360.0,0.0,Rural,Y
LP1281,Male,Yes,2,Not Graduate,No,4431,687,91.0,60.0,0.0,Semiurban,N
LP1282,Male,Yes,1,Graduate,No,6739,1404,119.0,360.0,1.0,Semiurban,Y
LP1283,Male,No,2,Graduate,No,8024,0,159.0,360.0,1.0,Urban,Y
LP1284,Male,No,0,Graduate,No,10215,0,240.0,360.0,1.0,Semiurban,Y
LP1285,Male,Yes,0,Graduate,No,9679,1790,144.0,360.0,0.0,Semiurban,Y
LP1286,Male,Yes,0,Graduate,No,6933,1552,97.0,360.0,1.0,Rural,Y
LP1287,Male,Yes,0,Graduate,Yes,7291,503,153.0,120.0,1.0,Semiurban,Y
LP1288,Male,No,1,Graduate,Yes,10792,0,237.0,360.0,1.0,Semiurban,Y
LP1289,,,,Graduate,,6885,1292,,,,Rural,Y
LP1290,Male,No,0,Graduate,Yes,7576,0,256.0,360.0,1.0,Semiurban,Y
LP1291,Male,Yes,0,Graduate,No,10929,3915,158.0,360.0,0.0,Rural,N
LP1292,Female,Yes,2,Graduate,No,16328,812,205.0,360.0,1.0,Semiurban,Y
LP1293,Male,Yes,0,Graduate,No,7814,355,173.0,360.0,1.0,Urban,Y
LP1294,Male,Yes,1,Not Graduate,No,8599,931,251.0,360.0,1.0,Urban,Y
LP1295,Male,Yes,1,Graduate,No,9570,1084,334.0,360.0,1.0,Semiurban,Y
LP1296,Female,Yes,1,Graduate,No,10888,1262,135.0,360.0,1.0,Urban,Y
LP1297,Male,Yes,0,Graduate,No,10312,1070,169.0,360.0,1.0,Rural,Y
LP1298,Male,No,0,Graduate,No,5744,0,240.0,360.0,0.0,Semiurban,N
LP1299,Male,Yes,2,Graduate,No,8007,1493,175.0,360.0,1.0,Rural,Y
LP1300,Male,Yes,1,Graduate,No,10339,1436,85.0,120.0,1.0,Urban,Y
LP1301,,,,Not Graduate,,11772,0,,,,Rural,Y
LP1302,Male,No,2,Graduate,No,6743,0,174.0,360.0,1.0,Urban,Y
LP1303,Male,No,0,Graduate,Yes,7935,0,279.0,120.0,1.0,Urban,Y
LP1304,Female,No,1,Graduate,No,8272,0,166.0,180.0,1.0,Urban,Y
LP1305,Female,Yes,0,Not Graduate,No,7202,738,116.0,360.0,1.0,Rural,Y
LP1306,Male,Yes,3+,Graduate,No,7860,761,176.0,360.0,1.0,Urban,Y
LP1307,Male,No,0,Graduate,No,3191,0,267.0,360.0,0.0,Semiurban,N
LP1308,Female,No,0,Graduate,No,20415,0,127.0,360.0,1.0,Urban,Y
LP1309,Male,Yes,0,Graduate,Yes,6642,1209,133.0,180.0,1.0,Semiurban,Y
LP1310,Male,No,0,Graduate,No,6828,0,128.0,360.0,1.0,Semiurban,Y
LP1311,Male,Yes,2,Graduate,Yes,3836,5335,101.0,360.0,0.0,Semiurban,Y
LP1312,Male,Yes,3+,Graduate,No,3628,632,163.0,60.0,1.0,Semiurban,Y
LP1313,Female,Yes,0,Graduate,No,8489,621,156.0,360.0,0.0,Rural,Y
LP1314,Female,Yes,0,Graduate,No,10356,1322,88.0,360.0,1.0,Semiurban,Y
LP1315,Male,Yes,1,Graduate,No,9631,1152,119.0,180.0,1.0,Urban,Y
LP1316,Male,Yes,2,Graduate,Yes,5215,473,171.0,360.0,1.0,Semiurban,Y
LP1317,Male,No,1,Not Graduate,No,9418,0,203.0,180.0,1.0,Urban,Y
LP1318,Male,Yes,0,Not Graduate,Yes,6789,1349,225.0,120.0,1.0,Rural,N
LP1319,Male,Yes,0,Graduate,No,6193,877,210.0,360.0,1.0,Semiurban,Y
LP1320,Male,No,1,Not Graduate,No,4281,0,159.0,360.0,0.0,Urban,N
LP1321,Female,No,0,Graduate,No,5444,0,96.0,360.0,0.0,Rural,N
LP1322,Male,No,1,Graduate,No,8562,0,147.0,360.0,1.0,Rural,Y
LP1323,Male,No,0,Graduate,Yes,7975,0,72.0,360.0,1.0,Urban,Y
LP1324,Female,No,2,Graduate,No,7547,0,171.0,360.0,1.0,Semiurban,Y
LP1325,Female,Yes,0,Graduate,Yes,3139,390,126.0,180.0,1.0,Rural,Y
LP1326,Male,Yes,1,Graduate,No,7575,189,79.0,360.0,1.0,Urban,Y
LP1327,Male,Yes,0,Graduate,No,5714,1572,182.0,360.0,0.0,Semiurban,N
LP1328,Male,Yes,1,Graduate,No,7997,923,266.0,360.0,0.0,Rural,N
LP1329,Male,Yes,0,Graduate,No,11016,2722,92.0,180.0,1.0,Urban,Y
LP1330,Male,No,1,Graduate,No,6016,0,188.0,360.0,1.0,Rural,N
LP1331,Female,Yes,1,Graduate,No,7372,1566,138.0,360.0,1.0,Rural,Y
LP1332,Male,Yes,1,Graduate,No,14236,778,121.0,180.0,1.0,Urban,Y
LP1333,Male,Yes,1,Not Graduate,No,7850,1291,121.0,360.0,1.0,Rural,Y
LP1334,Male,No,1,Not Graduate,No,7042,0,138.0,360.0,1.0,Urban,Y
LP1335,Male,Yes,2,Graduate,Yes,5245,937,138.0,180.0,1.0,Semiurban,Y
LP1336,Female,No,0,Not Graduate,No,9516,0,157.0,360.0,1.0,Urban,Y
LP1337,Female,Yes,2,Graduate,No,4933,2536,117.0,60.0,1.0,Semiurban,Y
LP1338,Male,Yes,0,Not Graduate,No,11204,1493,125.0,360.0,1.0,Rural,Y
LP1339,Male,Yes,0,Graduate,Yes,9005,2298,194.0,360.0,0.0,Urban,N
LP1340,Male,No,0,Graduate,No,5785,0,114.0,180.0,1.0,Urban,Y
LP1341,,,,Graduate,,5307,876,,,,Urban,Y
LP1342,Male,No,2,Graduate,Yes,5352,0,141.0,360.0,1.0,Urban,Y
LP1343,Male,Yes,1,Graduate,No,3649,500,131.0,180.0,1.0,Semiurban,Y
LP1344,Male,Yes,2,Graduate,No,8413,1741,300.0,180.0,1.0,Semiurban,Y
LP1345,Male,No,0,Graduate,No,3258,0,102.0,60.0,0.0,Rural,N
LP1346,Male,No,0,Graduate,Yes,6879,0,273.0,360.0,1.0,Rural,Y
LP1347,Male,No,0,Graduate,No,6719,0,215.0,360.0,0.0,Rural,N
LP1348,Male,No,0,Not Graduate,No,6295,0,127.0,360.0,1.0,Rural,Y
LP1349,,,,Graduate,,8392,0,,,,Urban,Y
LP1350,Male,No,0,Graduate,No,5790,0,66.0,180.0,0.0,Semiurban,N
LP1351,Female,No,0,Graduate,Yes,7582,0,123.0,360.0,1.0,Semiurban,Y
LP1352,Male,No,1,Graduate,No,11203,0,114.0,360.0,0.0,Semiurban,N
LP1353,Male,No,1,Graduate,No,8761,0,183.0,360.0,1.0,Semiurban,Y
LP1354,Male,Yes,3+,Not Graduate,Yes,6097,1085,205.0,360.0,0.0,Rural,N
LP1355,Male,No,3+,Graduate,No,7120,0,182.0,60.0,1.0,Urban,Y
LP1356,Male,Yes,1,Graduate,No,6297,3000,167.0,360.0,1.0,Semiurban,Y
LP1357,Male,No,0,Not Graduate,No,6684,0,223.0,360.0,1.0,Urban,Y
LP1358,Female,No,1,Graduate,Yes,7667,0,210.0,180.0,1.0,Urban,Y
LP1359,Male,Yes,2,Graduate,No,4216,2610,126.0,360.0,0.0,Urban,N
LP1360,Male,No,0,Graduate,No,3891,0,131.0,360.0,1.0,Urban,Y
LP1361,Male,Yes,0,Graduate,No,5089,2371,206.0,360.0,1.0,Semiurban,Y
LP1362,Male,Yes,2,Graduate,Yes,8539,1820,157.0,360.0,1.0,Semiurban,Y
LP1363,Male,No,0,Graduate,No,8975,0,160.0,360.0,1.0,Semiurban,Y
LP1364,Female,Yes,1,Graduate,No,9475,850,168.0,180.0,1.0,Rural,Y
LP1365,Male,No,1,Not Graduate,No,5160,0,86.0,360.0,1.0,Semiurban,Y
LP1366,Female,No,0,Graduate,No,7357,0,124.0,120.0,0.0,Rural,N
LP1367,Female,Yes,0,Graduate,No,6165,260,189.0,180.0,1.0,Rural,N
LP1368,Male,Yes,0,Graduate,No,6785,4703,124.0,360.0,1.0,Rural,Y
LP1369,Male,Yes,0,Graduate,No,6125,1634,146.0,360.0,1.0,Semiurban,Y
LP1370,Male,Yes,0,Graduate,No,7827,1812,189.0,360.0,1.0,Semiurban,Y
LP1371,,,,Graduate,,5536,0,,,,Semiurban,Y
LP1372,Male,Yes,0,Not Graduate,No,10719,843,238.0,120.0,1.0,Rural,Y
LP1373,Male,Yes,0,Graduate,No,10756,374,243.0,360.0,1.0,Rural,Y
LP1374,Male,Yes,0,Graduate,No,8441,2229,151.0,360.0,0.0,Urban,Y
LP1375,Male,Yes,3+,Graduate,No,10238,438,146.0,360.0,1.0,Rural,Y
LP1376,Female,No,0,Graduate,No,4161,0,105.0,360.0,1.0,Rural,Y
LP1377,Male,Yes,0,Graduate,No,10960,318,267.0,360.0,1.0,Semiurban,Y
LP1378,Female,No,2,Graduate,No,8143,0,144.0,360.0,1.0,Urban,Y
LP1379,Male,Yes,2,Graduate,No,5653,774,264.0,360.0,1.0,Urban,Y
LP1380,Male,No,0,Graduate,No,5454,0,177.0,360.0,0.0,Urban,N
LP1381,Male,Yes,2,Not Graduate,No,12391,3801,231.0,360.0,1.0,Semiurban,Y
LP1382,Male,Yes,0,Not Graduate,No,9533,1810,155.0,360.0,1.0,Urban,Y
LP1383,Female,No,0,Graduate,No,6720,0,195.0,360.0,1.0,Urban,Y
LP1384,Female,Yes,0,Not Graduate,No,4145,2511,234.0,360.0,1.0,Semiurban,Y
LP1385,Female,No,0,Graduate,No,11176,0,133.0,360.0,0.0,Urban,Y
LP1386,Male,No,1,Not Graduate,No,4692,0,244.0,360.0,1.0,Rural,Y
LP1387,Male,Yes,0,Graduate,No,6204,1417,110.0,120.0,1.0,Rural,Y
LP1388,Female,Yes,0,Not Graduate,Yes,6716,2280,297.0,360.0,1.0,Rural,Y
LP1389,Female,No,1,Not Graduate,No,5425,0,168.0,360.0,1.0,Rural,N
LP1390,Female,Yes,2,Graduate,No,6608,1035,125.0,180.0,1.0,Rural,Y
LP1391,Male,Yes,0,Not Graduate,No,7081,1084,213.0,180.0,1.0,Rural,N
LP1392,Male,Yes,1,Graduate,No,6559,2792,180.0,360.0,1.0,Rural,Y
LP1393,Female,Yes,0,Graduate,No,7969,693,88.0,360.0,1.0,Rural,Y
LP1394,Male,Yes,2,Graduate,No,12573,556,138.0,360.0,1.0,Rural,Y
LP1395,Female,No,1,Graduate,No,4213,0,111.0,360.0,1.0,Semiurban,Y
LP1396,Female,No,3+,Graduate,No,7519,0,115.0,180.0,0.0,Semiurban,N
LP1397,Male,No,0,Graduate,No,4709,0,113.0,360.0,1.0,Rural,Y
LP1398,Female,No,0,Not Graduate,No,4077,0,192.0,360.0,0.0,Semiurban,N
LP1399,Female,Yes,0,Graduate,No,9941,302,219.0,360.0,1.0,Semiurban,Y
LP1400,Male,No,0,Graduate,Yes,7753,0,121.0,360.0,0.0,Rural,N
LP1401,Female,Yes,0,Not Graduate,No,3992,1577,81.0,360.0,1.0,Rural,Y
LP1402,Male,Yes,3+,Not Graduate,No,6606,439,72.0,180.0,1.0,Semiurban,Y
LP1403,Female,Yes,0,Not Graduate,No,3551,2795,326.0,360.0,1.0,Rural,N
LP1404,Male,Yes,0,Graduate,No,5094,1562,169.0,360.0,1.0,Rural,N
LP1405,Female,No,2,Not Graduate,No,3118,0,214.0,360.0,1.0,Rural,Y
LP1406,Male,No,0,Graduate,No,6690,0,149.0,360.0,1.0,Rural,Y
LP1407,Male,Yes,2,Graduate,No,9094,1887,77.0,360.0,0.0,Semiurban,Y
LP1408,Female,Yes,0,Graduate,No,8750,220,185.0,120.0,1.0,Urban,Y
LP1409,Male,No,0,Graduate,No,6141,0,284.0,360.0,1.0,Semiurban,Y
LP1410,Male,Yes,0,Graduate,No,10118,2984,127.0,180.0,1.0,Urban,Y
LP1411,Female,Yes,0,Graduate,Yes,11544,684,75.0,360.0,1.0,Urban,Y
LP1412,Female,Yes,3+,Graduate,No,9151,882,105.0,360.0,1.0,Urban,Y
LP1413,Male,No,0,Graduate,No,5778,0,218.0,360.0,1.0,Semiurban,Y
LP1414,Male,No,0,Graduate,No,6769,0,179.0,360.0,1.0,Semiurban,Y
LP1415,Male,Yes,0,Graduate,Yes,12415,514,244.0,120.0,1.0,Semiurban,Y
LP1416,Male,Yes,0,Graduate,No,6306,1825,160.0,360.0,0.0,Semiurban,N
LP1417,Male,No,2,Graduate,No,8760,0,204.0,360.0,1.0,Semiurban,Y
LP1418,Male,No,0,Graduate,No,5398,0,137.0,360.0,0.0,Urban,N
LP1419,Female,Yes,1,Graduate,No,10145,1069,108.0,120.0,1.0,Semiurban,Y
LP1420,Female,No,3+,Not Graduate,No,5182,0,204.0,360.0,1.0,Urban,Y
LP1421,Female,Yes,1,Graduate,No,6876,2072,219.0,360.0,1.0,Semiurban,Y
LP1422,Male,Yes,3+,Graduate,No,8645,1759,128.0,360.0,1.0,Semiurban,Y
LP1423,Male,No,0,Graduate,No,13418,0,274.0,360.0,1.0,Rural,Y
LP1424,Male,Yes,0,Graduate,No,7701,2929,277.0,360.0,1.0,Urban,Y
LP1425,Male,Yes,0,Not Graduate,No,6446,258,113.0,180.0,1.0,Semiurban,Y
LP1426,Male,Yes,1,Graduate,Yes,6272,600,115.0,360.0,1.0,Semiurban,Y
LP1427,Female,Yes,3+,Graduate,No,9976,1286,117.0,360.0,0.0,Semiurban,Y
LP1428,Male,No,0,Graduate,No,8386,0,152.0,360.0,1.0,Rural,Y
LP1429,Male,Yes,1,Graduate,No,9027,1146,139.0,360.0,1.0,Urban,Y
LP1430,,,,Graduate,,12068,0,,,,Semiurban,Y
LP1431,Female,Yes,1,Graduate,No,7257,889,118.0,60.0,1.0,Semiurban,Y
LP1432,Male,Yes,0,Graduate,No,8168,3739,77.0,180.0,1.0,Semiurban,Y
LP1433,Male,Yes,3+,Graduate,No,6242,491,81.0,180.0,1.0,Rural,Y
LP1434,Male,No,1,Graduate,Yes,5326,0,94.0,180.0,1.0,Semiurban,Y
LP1435,Female,Yes,0,Not Graduate,No,5690,1830,318.0,360.0,0.0,Urban,N
LP1436,Male,No,0,Not Graduate,No,2908,0,302.0,360.0,1.0,Urban,Y
LP1437,,,,Graduate,,8612,2066,,,,Urban,Y
LP1438,Female,No,0,Graduate,No,8284,0,129.0,360.0,1.0,Urban,Y
LP1439,Male,Yes,0,Graduate,No,8544,597,94.0,360.0,1.0,Semiurban,Y
LP1440,Male,No,2,Graduate,No,5203,0,159.0,360.0,1.0,Rural,N
LP1441,Female,No,1,Graduate,No,5725,0,187.0,360.0,1.0,Rural,Y
LP1442,Male,No,0,Not Graduate,No,5659,0,122.0,180.0,1.0,Rural,Y
LP1443,Male,No,0,Not Graduate,No,10522,0,183.0,360.0,1.0,Semiurban,Y
LP1444,Female,No,2,Graduate,No,7597,0,105.0,120.0,1.0,Rural,Y
LP1445,Female,Yes,1,Graduate,No,7228,111,130.0,360.0,1.0,Urban,Y
LP1446,Female,Yes,0,Graduate,No,9338,1442,145.0,360.0,1.0,Semiurban,Y
LP1447,Female,Yes,1,Graduate,No,5666,1493,306.0,360.0,1.0,Rural,Y
LP1448,Male,No,0,Graduate,No,8095,0,118.0,360.0,1.0,Urban,Y
LP1449,Male,Yes,0,Graduate,No,14117,2346,187.0,360.0,1.0,Urban,Y
LP1450,Female,No,0,Graduate,No,11156,0,112.0,360.0,0.0,Semiurban,Y
LP1451,Male,Yes,0,Graduate,No,8050,1681,107.0,360.0,0.0,Semiurban,Y
LP1452,Male,Yes,0,Graduate,No,7327,1964,122.0,360.0,1.0,Rural,Y
LP1453,Female,Yes,3+,Not Graduate,No,8517,1429,161.0,360.0,1.0,Rural,Y
LP1454,Male,No,2,Graduate,Yes,11752,0,288.0,360.0,1.0,Rural,Y
LP1455,Male,Yes,1,Graduate,No,11426,2909,128.0,360.0,1.0,Semiurban,Y
LP1456,Male,Yes,0,Graduate,No,12520,860,220.0,360.0,1.0,Rural,Y
LP1457,Male,Yes,0,Graduate,No,7753,862,312.0,360.0,1.0,Rural,Y
LP1458,Male,Yes,1,Graduate,No,3250,726,175.0,360.0,1.0,Urban,N
LP1459,Male,Yes,0,Graduate,No,13712,2116,235.0,360.0,1.0,Urban,Y
LP1460,Male,Yes,0,Not Graduate,No,5322,826,119.0,360.0,1.0,Urban,Y
LP1461,Male,No,0,Graduate,No,3381,0,185.0,180.0,1.0,Rural,N
LP1462,Female,Yes,2,Not Graduate,Yes,9281,2536,202.0,360.0,1.0,Semiurban,Y
LP1463,Male,Yes,0,Graduate,Yes,3271,1241,99.0,360.0,1.0,Urban,Y
LP1464,Female,Yes,0,Graduate,No,7174,2597,116.0,360.0,1.0,Semiurban,Y
LP1465,Male,Yes,2,Graduate,No,3256,1312,143.0,360.0,1.0,Rural,Y
LP1466,Male,Yes,0,Graduate,No,6310,684,123.0,360.0,1.0,Rural,Y
LP1467,Female,Yes,0,Graduate,No,12531,212,149.0,360.0,1.0,Urban,Y
LP1468,Male,Yes,0,Graduate,Yes,8087,1446,95.0,360.0,1.0,Semiurban,Y
LP1469,Female,Yes,0,Graduate,No,7146,1007,299.0,360.0,1.0,Urban,Y
LP1470,Male,No,2,Not Graduate,No,8416,0,228.0,360.0,1.0,Rural,Y
LP1471,Female,No,0,Not Graduate,Yes,2607,0,512.0,360.0,1.0,Semiurban,Y
LP1472,Male,No,0,Not Graduate,No,5620,0,102.0,360.0,1.0,Urban,Y
LP1473,Female,Yes,2,Graduate,Yes,5927,1272,187.0,360.0,1.0,Rural,Y
LP1474,Male,Yes,2,Graduate,No,8907,633,123.0,360.0,1.0,Urban,Y
LP1475,Female,Yes,2,Graduate,No,4915,848,107.0,60.0,1.0,Semiurban,Y
LP1476,Male,Yes,0,Graduate,No,7630,368,223.0,120.0,1.0,Semiurban,Y
LP1477,Male,No,0,Graduate,No,6897,0,163.0,360.0,1.0,Semiurban,Y
LP1478,Female,Yes,3+,Graduate,No,5728,1691,140.0,360.0,1.0,Semiurban,Y
LP1479,Male,Yes,2,Graduate,No,5862,344,177.0,360.0,1.0,Semiurban,Y
LP1480,Male,Yes,0,Graduate,No,6874,3982,117.0,360.0,1.0,Urban,Y
LP1481,Male,No,0,Not Graduate,Yes,3540,0,116.0,180.0,1.0,Urban,Y
LP1482,Male,Yes,0,Graduate,No,9386,783,125.0,120.0,1.0,Urban,Y
LP1483,Male,Yes,3+,Graduate,No,5309,1066,241.0,360.0,1.0,Urban,Y
LP1484,Male,Yes,0,Graduate,No,6453,1295,233.0,360.0,0.0,Rural,N
LP1485,Female,Yes,0,Not Graduate,No,12350,2137,101.0,360.0,1.0,Rural,Y
LP1486,Male,Yes,0,Graduate,No,9447,158,294.0,360.0,0.0,Urban,N
LP1487,Male,Yes,1,Graduate,No,4614,1311,158.0,120.0,1.0,Rural,Y
LP1488,Female,Yes,2,Not Graduate,Yes,2493,1023,186.0,180.0,1.0,Rural,N
LP1489,Female,Yes,0,Not Graduate,Yes,8549,1466,123.0,360.0,1.0,Semiurban,Y
LP1490,Male,Yes,2,Graduate,No,6545,983,161.0,360.0,1.0,Urban,Y
LP1491,Male,Yes,3+,Graduate,No,7647,880,106.0,360.0,1.0,Rural,Y
LP1492,Male,Yes,0,Graduate,No,9329,1165,120.0,360.0,1.0,Rural,Y
LP1493,Male,No,0,Graduate,No,9881,0,216.0,180.0,1.0,Urban,Y
LP1494,Male,No,0,Graduate,No,6091,0,218.0,360.0,1.0,Semiurban,Y
LP1495,Male,Yes,2,Not Graduate,Yes,6833,2820,189.0,360.0,1.0,Urban,Y
LP1496,Male,Yes,1,Graduate,No,8182,1420,137.0,360.0,1.0,Semiurban,Y
LP1497,Male,Yes,1,Graduate,No,8379,1371,100.0,180.0,1.0,Rural,Y
LP1498,Female,Yes,2,Graduate,No,7620,1476,252.0,360.0,1.0,Semiurban,Y
LP1499,Female,No,0,Graduate,No,11809,0,224.0,180.0,1.0,Semiurban,Y
LP1500,Male,Yes,3+,Graduate,No,8345,952,84.0,180.0,1.0,Urban,Y
LP1501,Male,No,0,Graduate,No,9277,0,220.0,120.0,1.0,Rural,Y
LP1502,Male,Yes,0,Graduate,No,7855,1829,140.0,360.0,1.0,Urban,Y
LP1503,Female,Yes,1,Graduate,No,4902,402,205.0,360.0,1.0,Urban,Y
LP1504,Male,No,2,Graduate,No,5614,0,95.0,360.0,1.0,Rural,Y
LP1505,Male,No,0,Graduate,No,4548,0,125.0,360.0,1.0,Urban,Y
LP1506,Female,No,2,Not Graduate,No,10300,0,165.0,360.0,1.0,Urban,Y
LP1507,Female,No,3+,Graduate,No,3985,0,299.0,360.0,0.0,Semiurban,N
LP1508,Female,Yes,0,Graduate,No,6732,893,165.0,360.0,0.0,Urban,N
LP1509,Female,No,3+,Graduate,No,6210,0,237.0,180.0,1.0,Rural,N
LP1510,,,,Graduate,,6152,1112,,,,Urban,Y
LP1511,Male,No,0,Graduate,No,6344,0,171.0,360.0,1.0,Semiurban,Y
LP1512,Female,Yes,0,Graduate,No,12676,2106,193.0,180.0,1.0,Urban,Y
LP1513,Female,No,2,Not Graduate,No,3462,0,156.0,180.0,1.0,Urban,Y
LP1514,Male,Yes,1,Graduate,No,11232,1925,214.0,180.0,1.0,Urban,Y
LP1515,Male,Yes,0,Graduate,No,6538,2090,109.0,360.0,1.0,Semiurban,Y
LP1516,Male,Yes,0,Graduate,No,9636,701,157.0,120.0,1.0,Rural,Y
LP1517,Female,No,1,Not Graduate,Yes,7309,0,310.0,360.0,1.0,Rural,N
LP1518,Female,Yes,0,Graduate,No,4707,630,241.0,360.0,1.0,Semiurban,N
LP1519,Male,Yes,2,Graduate,No,11648,796,179.0,360.0,1.0,Semiurban,Y
LP1520,Male,Yes,2,Graduate,No,10949,1156,228.0,360.0,0.0,Urban,N
LP1521,,,,Graduate,,4828,1222,,,,Rural,N
LP1522,Female,No,3+,Not Graduate,No,8789,0,81.0,360.0,1.0,Semiurban,Y
LP1523,Female,Yes,0,Graduate,No,5705,1562,144.0,360.0,1.0,Rural,Y
LP1524,Female,No,3+,Graduate,No,4041,0,125.0,360.0,1.0,Urban,Y
LP1525,Male,Yes,1,Not Graduate,No,5313,513,97.0,360.0,1.0,Semiurban,Y
LP1526,Male,Yes,1,Not Graduate,Yes,11383,1000,329.0,120.0,0.0,Rural,N
LP1527,Male,No,0,Not Graduate,Yes,9725,0,197.0,360.0,1.0,Rural,Y
LP1528,Male,No,2,Graduate,No,6371,0,225.0,360.0,1.0,Urban,Y
LP1529,Female,Yes,0,Graduate,No,11404,990,127.0,360.0,1.0,Semiurban,Y
LP1530,Female,Yes,0,Graduate,No,10627,244,143.0,120.0,1.0,Rural,Y
LP1531,Female,No,0,Graduate,No,5316,0,159.0,180.0,0.0,Urban,N
LP1532,Female,Yes,1,Graduate,No,12475,3229,184.0,360.0,0.0,Rural,N
LP1533,Male,No,0,Graduate,No,6188,0,211.0,360.0,1.0,Urban,N
LP1534,Female,No,1,Graduate,No,6494,0,86.0,360.0,1.0,Rural,Y
LP1535,Female,No,2,Graduate,No,3490,0,206.0,60.0,1.0,Rural,Y
LP1536,Female,Yes,0,Graduate,No,5667,326,147.0,180.0,1.0,Urban,Y
LP1537,,,,Graduate,,6751,0,,,,Semiurban,Y
LP1538,Male,Yes,0,Not Graduate,No,7936,2304,257.0,360.0,1.0,Urban,Y
LP1539,Male,Yes,2,Graduate,No,4713,786,177.0,360.0,0.0,Semiurban,N
LP1540,,,,Graduate,,5402,2263,,,,Rural,Y
LP1541,Male,Yes,0,Graduate,No,12584,1366,143.0,360.0,0.0,Rural,N
LP1542,Male,No,1,Graduate,No,10358,0,184.0,360.0,1.0,Urban,Y
LP1543,Male,No,0,Graduate,Yes,11086,0,252.0,360.0,1.0,Urban,Y
LP1544,Male,No,0,Graduate,Yes,6956,0,163.0,120.0,0.0,Semiurban,N
LP1545,Male,Yes,2,Graduate,No,8022,1008,131.0,360.0,1.0,Semiurban,Y
LP1546,Male,Yes,0,Graduate,No,8862,982,161.0,360.0,0.0,Semiurban,N
LP1547,Male,Yes,0,Graduate,No,12511,755,178.0,360.0,1.0,Urban,Y
LP1548,Male,No,0,Graduate,No,4013,0,107.0,180.0,1.0,Rural,Y
LP1549,Female,Yes,2,Not Graduate,No,5868,4416,98.0,360.0,0.0,Urban,N
LP1550,Male,No,0,Not Graduate,No,7755,0,132.0,360.0,1.0,Rural,Y
LP1551,Female,Yes,0,Graduate,No,7326,2939,280.0,360.0,0.0,Urban,N
LP1552,Male,Yes,1,Graduate,No,5378,716,246.0,180.0,0.0,Urban,N
LP1553,Male,No,2,Graduate,No,8578,0,92.0,60.0,1.0,Semiurban,Y
LP1554,Female,Yes,0,Not Graduate,No,5951,3640,114.0,180.0,1.0,Rural,Y
LP1555,Male,No,0,Graduate,No,7133,0,210.0,360.0,1.0,Urban,Y
LP1556,Male,No,0,Graduate,No,8438,0,137.0,120.0,1.0,Urban,Y
LP1557,Male,Yes,0,Not Graduate,No,6051,1802,188.0,360.0,1.0,Rural,N
LP1558,Female,Yes,0,Graduate,No,9420,1067,93.0,360.0,1.0,Urban,Y
LP1559,Male,Yes,1,Not Graduate,No,10065,1453,160.0,360.0,1.0,Rural,Y
LP1560,Female,No,1,Graduate,Yes,5449,0,154.0,360.0,1.0,Semiurban,Y
LP1561,Male,Yes,1,Graduate,No,5936,1124,225.0,180.0,1.0,Semiurban,Y
LP1562,Male,Yes,0,Graduate,No,4950,2607,184.0,360.0,1.0,Rural,N
LP1563,Male,Yes,2,Not Graduate,No,7075,404,168.0,360.0,1.0,Semiurban,Y
LP1564,Male,No,0,Not Graduate,No,7934,0,87.0,360.0,0.0,Rural,N
LP1565,,,,Graduate,,6257,2137,,,,Urban,Y
LP1566,Male,No,1,Graduate,No,7852,0,204.0,360.0,1.0,Urban,Y
LP1567,Male,No,0,Graduate,No,5880,0,123.0,360.0,1.0,Rural,Y
LP1568,Female,Yes,1,Not Graduate,No,5948,1431,166.0,360.0,1.0,Urban,Y
LP1569,Male,Yes,0,Graduate,Yes,8084,1166,139.0,360.0,0.0,Semiurban,Y
LP1570,Male,No,1,Graduate,No,6087,0,148.0,360.0,1.0,Urban,Y
LP1571,Female,Yes,0,Graduate,No,6937,1029,244.0,180.0,1.0,Urban,Y
LP1572,Male,No,0,Graduate,No,8189,0,114.0,360.0,1.0,Rural,Y
LP1573,Male,Yes,2,Graduate,No,7811,4006,207.0,180.0,1.0,Semiurban,Y
LP1574,Female,Yes,0,Graduate,No,2911,1235,248.0,120.0,1.0,Urban,Y
LP1575,Female,No,2,Graduate,No,5910,0,195.0,180.0,1.0,Urban,Y
LP1576,Male,Yes,0,Not Graduate,No,10453,1749,151.0,360.0,1.0,Rural,Y
LP1577,Female,Yes,1,Graduate,No,3942,705,121.0,360.0,1.0,Rural,Y
LP1578,Male,Yes,1,Graduate,No,2361,2440,126.0,60.0,0.0,Semiurban,N
LP1579,Male,Yes,0,Not Graduate,No,8714,677,168.0,360.0,1.0,Urban,Y
LP1580,Male,Yes,0,Graduate,No,7755,2204,163.0,360.0,1.0,Rural,Y
LP1581,Female,Yes,0,Graduate,No,4722,1012,217.0,360.0,1.0,Rural,Y
LP1582,Male,No,0,Graduate,Yes,7391,0,95.0,360.0,1.0,Rural,Y
LP1583,Male,Yes,0,Not Graduate,No,5628,2321,243.0,60.0,0.0,Semiurban,N
LP1584,Male,No,1,Graduate,No,8480,0,400.0,360.0,1.0,Rural,Y
LP1585,Male,Yes,3+,Not Graduate,Yes,2480,2283,156.0,360.0,1.0,Semiurban,Y
LP1586,Male,No,2,Graduate,No,6461,0,147.0,360.0,1.0,Semiurban,Y
LP1587,Male,Yes,2,Graduate,No,5817,3457,152.0,360.0,1.0,Urban,Y
LP1588,Male,No,2,Graduate,Yes,9433,0,166.0,360.0,1.0,Urban,Y
LP1589,Male,Yes,1,Not Graduate,No,3530,1202,143.0,360.0,1.0,Semiurban,Y
LP1590,Male,Yes,0,Graduate,No,7218,2870,82.0,360.0,1.0,Urban,Y
LP1591,Male,Yes,3+,Not Graduate,Yes,8675,2672,151.0,360.0,1.0,Urban,Y
LP1592,Male,Yes,1,Graduate,No,13423,1288,112.0,180.0,1.0,Rural,Y
LP1593,Male,Yes,1,Graduate,No,5941,1277,169.0,360.0,1.0,Urban,Y
LP1594,Female,Yes,0,Graduate,Yes,7983,589,254.0,360.0,0.0,Semiurban,N
LP1595,Male,No,0,Not Graduate,No,3604,0,114.0,360.0,1.0,Urban,Y
LP1596,Male,Yes,0,Graduate,No,7085,315,294.0,360.0,1.0,Rural,N
LP1597,Male,Yes,2,Graduate,Yes,10744,2186,140.0,180.0,1.0,Semiurban,Y
LP1598,Male,Yes,0,Graduate,No,13475,2218,118.0,180.0,1.0,Urban,Y
LP1599,Male,No,0,Not Graduate,No,8259,0,204.0,360.0,1.0,Semiurban,Y
LP1600,Male,Yes,3+,Graduate,No,3935,3239,134.0,360.0,1.0,Urban,Y
LP1601,Male,Yes,0,Graduate,No,11400,774,157.0,360.0,1.0,Rural,Y
LP1602,Male,Yes,0,Graduate,No,3946,6894,161.0,360.0,1.0,Urban,Y
LP1603,Male,No,0,Graduate,No,4565,0,199.0,360.0,1.0,Semiurban,Y
LP1604,Male,No,1,Graduate,No,11775,0,155.0,60.0,1.0,Semiurban,Y
LP1605,Male,Yes,3+,Not Graduate,No,6899,572,149.0,360.0,1.0,Semiurban,Y
LP1606,Male,No,0,Not Graduate,No,5705,0,139.0,60.0,1.0,Urban,Y
LP1607,Male,No,2,Graduate,No,9113,0,192.0,360.0,1.0,Urban,Y
LP1608,Male,Yes,0,Graduate,Yes,7536,308,132.0,360.0,1.0,Urban,Y
LP1609,Male,No,3+,Graduate,Yes,10375,0,257.0,360.0,1.0,Rural,Y
LP1610,Male,Yes,2,Graduate,No,7664,1166,161.0,360.0,1.0,Rural,Y
LP1611,Female,Yes,2,Graduate,No,7728,1706,88.0,360.0,1.0,Rural,Y
LP1612,Male,Yes,0,Graduate,No,10235,517,178.0,360.0,1.0,Semiurban,Y
LP1613,Male,Yes,3+,Graduate,No,6865,961,189.0,360.0,1.0,Semiurban,Y
LP1614,Female,Yes,1,Graduate,No,5099,702,258.0,360.0,1.0,Semiurban,Y
LP1615,Female,No,0,Graduate,No,9308,0,122.0,360.0,1.0,Semiurban,Y
LP1616,Male,Yes,2,Graduate,No,6377,2071,116.0,360.0,1.0,Semiurban,Y
LP1617,Male,Yes,0,Graduate,No,7888,1394,202.0,360.0,0.0,Urban,N
LP1618,Female,Yes,2,Graduate,No,3356,801,241.0,360.0,0.0,Semiurban,N
LP1619,Female,No,0,Graduate,No,6764,0,121.0,360.0,1.0,Urban,Y
LP1620,Male,Yes,1,Graduate,No,5849,1666,176.0,360.0,1.0,Rural,Y
LP1621,Male,Yes,0,Graduate,No,3323,1425,156.0,360.0,1.0,Rural,Y
LP1622,Male,Yes,0,Graduate,No,6841,523,122.0,360.0,1.0,Rural,Y
LP1623,Male,Yes,0,Graduate,No,6925,2428,153.0,180.0,1.0,Rural,Y
LP1624,Male,No,0,Graduate,No,8097,0,234.0,360.0,1.0,Rural,Y
LP1625,Male,No,0,Graduate,Yes,10675,0,162.0,360.0,1.0,Semiurban,Y
LP1626,Male,Yes,0,Not Graduate,No,10020,1080,150.0,180.0,1.0,Semiurban,Y
LP1627,Female,No,1,Graduate,No,5995,0,198.0,360.0,1.0,Semiurban,N
LP1628,Male,Yes,0,Graduate,No,7595,4020,243.0,360.0,1.0,Rural,Y
LP1629,Male,No,0,Graduate,No,8524,0,113.0,180.0,1.0,Rural,Y
LP1630,Female,Yes,1,Graduate,No,6056,431,179.0,360.0,1.0,Urban,Y
LP1631,Female,Yes,0,Graduate,No,4066,1478,140.0,180.0,1.0,Semiurban,Y
LP1632,Male,Yes,3+,Graduate,No,6576,1279,162.0,360.0,1.0,Rural,N
LP1633,Male,No,2,Graduate,No,10846,0,204.0,360.0,0.0,Rural,N
LP1634,Male,Yes,1,Graduate,No,4000,1146,144.0,60.0,0.0,Rural,N
LP1635,Male,Yes,1,Graduate,No,4915,2025,155.0,360.0,1.0,Urban,Y
LP1636,Male,Yes,2,Graduate,No,5286,3387,227.0,360.0,1.0,Rural,Y
LP1637,Male,No,0,Not Graduate,Yes,4935,0,187.0,360.0,1.0,Urban,Y
LP1638,Male,Yes,0,Graduate,No,9128,548,154.0,360.0,1.0,Urban,Y
LP1639,Male,No,0,Graduate,No,5620,0,168.0,360.0,1.0,Semiurban,Y
LP1640,Male,No,2,Graduate,No,9219,0,163.0,360.0,0.0,Rural,N
LP1641,Male,Yes,0,Not Graduate,Yes,7215,1553,87.0,360.0,1.0,Urban,Y
LP1642,,,,Graduate,,3684,0,,,,Rural,Y
LP1643,Male,Yes,3+,Graduate,No,6104,422,101.0,360.0,1.0,Semiurban,Y
LP1644,Male,No,2,Graduate,No,10133,0,240.0,360.0,1.0,Semiurban,Y
LP1645,Female,Yes,0,Graduate,No,7510,520,101.0,360.0,1.0,Urban,Y
LP1646,Male,No,0,Graduate,No,6272,0,138.0,120.0,1.0,Semiurban,Y
LP1647,Male,No,2,Graduate,No,10896,0,129.0,360.0,1.0,Semiurban,Y
LP1648,Female,No,1,Graduate,No,4746,0,275.0,360.0,1.0,Semiurban,N
LP1649,Male,No,0,Graduate,Yes,5693,0,236.0,180.0,1.0,Rural,Y
LP1650,Male,Yes,0,Graduate,No,9773,1447,74.0,180.0,1.0,Rural,Y
LP1651,Male,Yes,3+,Graduate,Yes,9058,1030,159.0,360.0,0.0,Urban,N
LP1652,Male,No,1,Graduate,No,4610,0,107.0,180.0,1.0,Urban,Y
LP1653,Female,Yes,2,Graduate,No,8417,261,169.0,360.0,0.0,Semiurban,N
LP1654,Male,Yes,2,Graduate,No,5587,2191,202.0,180.0,1.0,Semiurban,Y
LP1655,Male,No,1,Not Graduate,Yes,3273,0,174.0,360.0,1.0,Urban,N
LP1656,Male,No,0,Graduate,No,6316,0,207.0,360.0,1.0,Semiurban,Y
LP1657,Male,No,0,Graduate,No,13821,0,145.0,360.0,1.0,Urban,Y
LP1658,Male,Yes,0,Graduate,No,10199,422,176.0,180.0,0.0,Rural,N
LP1659,Male,No,0,Not Graduate,No,6978,0,204.0,360.0,0.0,Semiurban,N
LP1660,Male,Yes,2,Graduate,No,3918,1863,136.0,360.0,1.0,Semiurban,Y
LP1661,Female,No,1,Graduate,No,3306,0,117.0,360.0,1.0,Semiurban,Y
LP1662,Male,Yes,2,Graduate,No,7224,1225,127.0,120.0,1.0,Rural,Y
LP1663,Male,No,0,Graduate,No,8214,0,153.0,180.0,0.0,Rural,Y
LP1664,Male,No,1,Graduate,Yes,9168,0,160.0,360.0,1.0,Semiurban,Y
LP1665,Male,Yes,1,Graduate,No,8777,1060,180.0,360.0,1.0,Urban,Y
LP1666,Male,No,1,Graduate,No,9054,0,122.0,360.0,1.0,Rural,Y
LP1667,Male,Yes,1,Not Graduate,No,7848,1932,206.0,360.0,1.0,Semiurban,Y
LP1668,Male,No,0,Graduate,No,10805,0,301.0,120.0,0.0,Semiurban,N
LP1669,Male,No,0,Graduate,Yes,5844,0,129.0,360.0,1.0,Rural,Y
LP1670,Male,Yes,0,Graduate,No,7184,1102,369.0,360.0,1.0,Urban,Y
LP1671,Female,No,0,Graduate,No,3688,0,317.0,360.0,1.0,Semiurban,Y
LP1672,Male,No,0,Graduate,No,5800,0,160.0,360.0,1.0,Urban,Y
LP1673,Male,Yes,1,Graduate,No,10093,6526,151.0,360.0,1.0,Urban,Y
LP1674,Male,Yes,3+,Graduate,Yes,8947,1109,126.0,360.0,1.0,Rural,Y
LP1675,Female,No,1,Not Graduate,No,2927,0,218.0,360.0,0.0,Semiurban,N
LP1676,Male,No,1,Not Graduate,No,14236,0,164.0,360.0,1.0,Semiurban,Y
LP1677,Male,No,0,Graduate,No,7517,0,170.0,360.0,1.0,Urban,Y
LP1678,Female,No,1,Graduate,No,7569,0,118.0,360.0,1.0,Rural,Y
LP1679,Female,Yes,0,Not Graduate,No,5668,1077,220.0,360.0,1.0,Rural,N
LP1680,Female,No,0,Graduate,No,6115,0,147.0,180.0,0.0,Rural,N
LP1681,Male,Yes,0,Not Graduate,No,7486,2990,109.0,360.0,1.0,Urban,Y
LP1682,Male,Yes,0,Graduate,No,8758,806,156.0,360.0,1.0,Urban,Y
LP1683,Male,Yes,0,Graduate,No,7983,243,121.0,360.0,1.0,Semiurban,Y
LP1684,Female,Yes,0,Graduate,No,5829,1506,258.0,360.0,1.0,Rural,N
LP1685,Male,Yes,0,Graduate,No,5074,3292,316.0,360.0,1.0,Urban,Y
LP1686,Male,Yes,3+,Graduate,No,4953,487,157.0,360.0,0.0,Rural,N
LP1687,Male,No,0,Graduate,No,10392,0,234.0,360.0,1.0,Urban,Y
LP1688,Female,Yes,0,Graduate,No,9916,175,231.0,360.0,1.0,Semiurban,Y
LP1689,Male,Yes,0,Graduate,No,8460,3450,62.0,360.0,1.0,Rural,Y
LP1690,Male,Yes,1,Graduate,No,10363,1738,127.0,180.0,1.0,Urban,Y
LP1691,Male,Yes,0,Not Graduate,No,6781,440,167.0,180.0,1.0,Rural,N
LP1692,Male,Yes,0,Graduate,No,9594,2225,137.0,360.0,0.0,Urban,N
LP1693,Male,Yes,0,Not Graduate,No,8622,845,123.0,360.0,1.0,Urban,Y
LP1694,Male,Yes,0,Graduate,No,9692,590,237.0,360.0,1.0,Urban,Y
LP1695,Male,No,0,Graduate,No,4779,0,135.0,360.0,1.0,Rural,Y
LP1696,Male,Yes,0,Not Graduate,Yes,2799,2071,180.0,360.0,1.0,Urban,N
LP1697,Male,Yes,0,Graduate,No,7807,556,229.0,180.0,1.0,Semiurban,Y
LP1698,Male,Yes,0,Graduate,No,6238,102,264.0,360.0,0.0,Rural,N
LP1699,Male,No,0,Graduate,No,3093,0,110.0,120.0,1.0,Semiurban,Y
LP1700,Male,Yes,2,Graduate,No,11025,3073,113.0,360.0,0.0,Semiurban,Y
LP1701,Male,Yes,1,Graduate,No,9927,3046,173.0,180.0,1.0,Rural,Y
LP1702,Male,Yes,0,Not Graduate,No,8058,829,81.0,360.0,1.0,Urban,Y
LP1703,,,,Graduate,,5184,804,,,,Semiurban,Y
LP1704,Male,Yes,3+,Graduate,No,3635,763,248.0,360.0,1.0,Rural,N
LP1705,Female,Yes,0,Graduate,No,3079,734,200.0,360.0,1.0,Urban,Y
LP1706,Male,Yes,0,Graduate,No,5785,778,153.0,360.0,1.0,Rural,Y
LP1707,Female,Yes,1,Graduate,No,9104,1560,189.0,360.0,1.0,Rural,Y
LP1708,Male,Yes,0,Graduate,No,6262,3124,205.0,360.0,1.0,Rural,Y
LP1709,Male,No,0,Graduate,No,8499,0,98.0,360.0,0.0,Urban,N
LP1710,Female,No,0,Graduate,Yes,8655,0,134.0,180.0,1.0,Semiurban,Y
LP1711,Male,No,2,Graduate,No,9054,0,261.0,360.0,0.0,Semiurban,N
LP1712,Male,No,0,Graduate,Yes,3430,0,174.0,360.0,1.0,Rural,Y
LP1713,Male,Yes,1,Graduate,No,5349,314,178.0,360.0,1.0,Rural,N
LP1714,Male,Yes,3+,Graduate,No,8440,3913,157.0,60.0,1.0,Urban,Y
LP1715,Female,Yes,0,Not Graduate,No,11944,1002,87.0,360.0,1.0,Rural,Y
LP1716,Female,Yes,0,Graduate,No,10640,347,129.0,360.0,0.0,Rural,Y
LP1717,Female,No,0,Graduate,No,7904,0,185.0,360.0,1.0,Rural,N
LP1718,Male,Yes,0,Graduate,No,11070,279,136.0,120.0,0.0,Semiurban,N
LP1719,Female,No,0,Graduate,No,7882,0,111.0,180.0,0.0,Rural,N
LP1720,Female,Yes,3+,Graduate,No,3964,1372,115.0,360.0,1.0,Semiurban,Y
LP1721,Male,No,1,Graduate,No,8997,0,263.0,360.0,0.0,Urban,N
LP1722,Male,Yes,1,Graduate,No,10780,1182,133.0,360.0,1.0,Urban,Y
LP1723,Female,Yes,0,Graduate,No,13392,2755,242.0,360.0,0.0,Semiurban,N
LP1724,Male,Yes,2,Graduate,No,5726,1159,178.0,360.0,1.0,Semiurban,Y
LP1725,Female,Yes,3+,Graduate,Yes,4605,1926,147.0,360.0,1.0,Semiurban,Y
LP1726,Male,Yes,2,Graduate,No,9605,1245,121.0,60.0,0.0,Semiurban,Y
LP1727,Female,Yes,0,Graduate,No,8254,1105,202.0,360.0,1.0,Rural,Y
LP1728,Male,No,1,Not Graduate,No,7980,0,231.0,360.0,1.0,Semiurban,Y
LP1729,Male,Yes,0,Not Graduate,Yes,11130,2117,209.0,360.0,1.0,Semiurban,Y
LP1730,Male,Yes,0,Not Graduate,No,9591,489,101.0,360.0,1.0,Semiurban,Y
LP1731,Female,Yes,0,Not Graduate,No,8541,2115,133.0,180.0,1.0,Rural,Y
LP1732,Male,No,1,Not Graduate,No,5987,0,138.0,360.0,1.0,Rural,Y
LP1733,Male,Yes,1,Graduate,No,9299,2155,82.0,360.0,1.0,Rural,Y
LP1734,Male,Yes,0,Graduate,No,4539,1512,188.0,360.0,1.0,Urban,Y
LP1735,,,,Graduate,,7874,2962,,,,Rural,Y
LP1736,Male,Yes,0,Graduate,No,7012,1794,196.0,180.0,1.0,Semiurban,Y
LP1737,Female,No,0,Graduate,No,3899,0,184.0,360.0,1.0,Rural,N
LP1738,Male,Yes,0,Graduate,No,8262,86,142.0,180.0,1.0,Rural,Y
LP1739,Male,Yes,0,Graduate,No,5731,3044,120.0,360.0,0.0,Semiurban,N
LP1740,Male,No,2,Graduate,No,8188,0,142.0,180.0,1.0,Rural,Y
LP1741,Male,Yes,0,Not Graduate,No,4966,381,179.0,360.0,1.0,Urban,Y
LP1742,Female,Yes,0,Graduate,Yes,9627,2299,251.0,180.0,0.0,Rural,N
LP1743,Male,Yes,0,Graduate,No,12670,1334,164.0,360.0,1.0,Urban,Y
LP1744,Male,No,3+,Graduate,Yes,4539,0,162.0,360.0,1.0,Urban,N
LP1745,Female,Yes,1,Graduate,Yes,4964,803,84.0,360.0,1.0,Urban,Y
LP1746,Male,No,1,Not Graduate,No,4274,0,183.0,360.0,0.0,Semiurban,N
LP1747,Male,Yes,0,Graduate,No,6563,1479,258.0,360.0,1.0,Rural,N
LP1748,Female,Yes,1,Graduate,No,8142,1359,153.0,360.0,1.0,Urban,Y
LP1749,Male,Yes,0,Graduate,No,9087,721,149.0,60.0,1.0,Urban,Y
LP1750,Male,No,1,Graduate,Yes,7817,0,139.0,360.0,1.0,Rural,Y
LP1751,Female,Yes,3+,Graduate,No,8984,1210,205.0,180.0,1.0,Semiurban,Y
LP1752,Male,No,1,Graduate,No,6921,0,83.0,60.0,1.0,Semiurban,Y
LP1753,Male,No,2,Graduate,Yes,5707,0,242.0,360.0,1.0,Urban,Y
LP1754,Male,Yes,1,Graduate,No,5007,4903,147.0,360.0,1.0,Semiurban,Y
LP1755,Female,Yes,0,Graduate,No,6651,3304,184.0,360.0,1.0,Rural,Y
LP1756,Male,Yes,3+,Not Graduate,No,5051,1467,211.0,360.0,1.0,Semiurban,N
LP1757,Male,Yes,0,Graduate,No,8052,1713,115.0,360.0,1.0,Rural,Y
LP1758,Female,No,0,Not Graduate,Yes,5080,0,158.0,120.0,0.0,Urban,N
LP1759,Female,No,0,Graduate,Yes,5928,0,146.0,360.0,1.0,Rural,Y
LP1760,Male,Yes,0,Graduate,No,10372,116,106.0,360.0,1.0,Urban,Y
LP1761,Male,Yes,0,Graduate,No,10750,3873,230.0,360.0,0.0,Rural,N
LP1762,Male,No,0,Graduate,Yes,10620,0,142.0,180.0,1.0,Rural,Y
LP1763,Female,Yes,0,Graduate,No,6963,545,105.0,360.0,1.0,Semiurban,Y
LP1764,,,,Graduate,,5789,0,,,,Rural,Y
LP1765,Male,Yes,0,Graduate,No,8501,4628,96.0,360.0,1.0,Urban,Y
LP1766,Female,No,0,Not Graduate,No,5117,0,136.0,360.0,0.0,Rural,N
LP1767,Female,Yes,1,Graduate,Yes,9253,667,177.0,120.0,1.0,Urban,Y
LP1768,Male,Yes,0,Graduate,No,5604,1376,93.0,180.0,1.0,Urban,Y
LP1769,Female,Yes,1,Graduate,No,6551,1969,200.0,360.0,1.0,Rural,Y
LP1770,Male,Yes,1,Graduate,No,9330,1675,165.0,360.0,1.0,Semiurban,Y
LP1771,Female,Yes,2,Graduate,No,3581,545,211.0,360.0,1.0,Rural,Y
LP1772,Male,No,1,Graduate,No,5689,0,210.0,360.0,1.0,Rural,Y
LP1773,Male,No,0,Graduate,No,8115,0,134.0,360.0,1.0,Semiurban,Y
LP1774,Female,Yes,1,Graduate,No,8755,429,135.0,360.0,1.0,Urban,Y
LP1775,Male,Yes,0,Graduate,No,8233,481,189.0,360.0,0.0,Rural,N
LP1776,Male,Yes,0,Graduate,No,6522,782,109.0,60.0,1.0,Semiurban,Y
LP1777,Female,Yes,2,Not Graduate,No,9681,1124,110.0,360.0,1.0,Semiurban,Y
LP1778,Female,Yes,0,Not Graduate,Yes,4950,2398,128.0,120.0,1.0,Urban,Y
LP1779,Male,Yes,2,Graduate,No,4876,2891,99.0,360.0,1.0,Semiurban,Y
LP1780,Male,Yes,2,Graduate,No,8086,642,105.0,360.0,1.0,Urban,Y
LP1781,Male,Yes,2,Graduate,No,4758,1550,106.0,180.0,1.0,Rural,Y
LP1782,Male,Yes,3+,Graduate,No,12842,2812,142.0,360.0,1.0,Semiurban,Y
LP1783,Male,Yes,0,Graduate,No,5747,5086,140.0,360.0,1.0,Rural,Y
LP1784,Male,No,0,Graduate,No,9613,0,223.0,360.0,0.0,Semiurban,N
LP1785,Female,Yes,1,Graduate,No,4479,1607,143.0,360.0,1.0,Semiurban,Y
LP1786,Male,No,0,Graduate,Yes,11770,0,154.0,120.0,1.0,Rural,Y
LP1787,Male,Yes,1,Graduate,No,7136,1031,292.0,180.0,1.0,Semiurban,Y
LP1788,Male,Yes,1,Not Graduate,No,5691,1457,74.0,360.0,1.0,Rural,Y
LP1789,Female,No,1,Graduate,No,6359,0,171.0,360.0,1.0,Rural,Y
LP1790,Male,No,0,Graduate,Yes,5373,0,147.0,360.0,0.0,Urban,N
LP1791,Male,No,0,Not Graduate,No,6545,0,177.0,360.0,1.0,Rural,N
LP1792,Male,Yes,0,Not Graduate,No,4569,608,130.0,360.0,1.0,Urban,Y
LP1793,Male,Yes,0,Graduate,Yes,5756,2437,143.0,360.0,1.0,Rural,Y
LP1794,Male,No,2,Graduate,No,9544,0,246.0,360.0,0.0,Semiurban,N
LP1795,Female,Yes,0,Graduate,No,7660,2372,188.0,360.0,1.0,Rural,Y
LP1796,Female,Yes,0,Not Graduate,No,4915,2368,145.0,360.0,1.0,Semiurban,Y
LP1797,Male,Yes,0,Not Graduate,No,6626,5145,121.0,360.0,1.0,Urban,Y
LP1798,Male,Yes,1,Graduate,No,10797,998,109.0,360.0,1.0,Semiurban,Y
LP1799,Female,No,1,Graduate,No,5990,0,133.0,60.0,1.0,Rural,Y
